,statistic,pvalue,median
F1,29.36670595351151,5.989791791142209e-08,1.541
F2,0.2292133504243362,0.6321077316889097,1.08
duration,5.3528585984311885,0.02068832535811496,0.0899999999999998
