,statistic,pvalue,median
F1,0.888888888888889,0.34577858615116,0.898
F2,0.0,1.0,1.6945000000000001
duration,0.0,1.0,0.08499999999999991
