,statistic,pvalue,median
F1,4.235287381329112,0.039591920348679616,1.194
F2,0.012248798076923192,0.9118746357119277,1.453
duration,0.42813794309990294,0.5129040484632363,0.08
