,statistic,pvalue,median
F1,2.1099375000000005,0.14634529452104092,0.914
F2,5.5802152777777785,0.018164489689699023,0.975
duration,0.8215883190883193,0.3647161876111924,0.04
