,statistic,pvalue,median
F1,0.023781676413255362,0.8774417231527798,0.8674999999999999
F2,0.0,1.0,1.63
duration,0.06535476322511263,0.7982243677860711,0.0599999999999996
