,statistic,pvalue,median
F1,0.0,1.0,0.9655
F2,0.14166666666666666,0.7066297099055591,0.896
duration,0.0,1.0,0.0600000000000005
