,statistic,pvalue,median
F1,4.113949479037228,0.04253093167545233,1.217
F2,10.438100350746822,0.0012344216446507105,0.96
duration,2.084973538667773,0.1487548001121784,0.0699999999999998
