,statistic,pvalue,median
F1,0.016741071428571428,0.8970512023729984,1.114
F2,0.0,1.0,1.157
duration,0.016741071428571428,0.8970512023729984,0.0700000000000002
