,statistic,pvalue,median
F1,0.26241028708133984,0.6084690699817148,0.787
F2,0.1411184210526315,0.7071716723608317,1.221
duration,0.1411184210526315,0.7071716723608317,0.0699999999999999
